model,rmse,mae,n_predictions
matrix_factorization,0.8847130240676655,0.679025520272504,20168
item_item_cf,0.9046699354579651,0.6689837252846693,17256
